Lon,Lat,CODE,AREA_SQKM_,AREA_SQK_1,STOR_,NEI_F,DEV90_,DEV00_,DEV06_,DEV12_,DEV90,DEV00,DEV06,DEV12,Y2006,Y2009,Y2012,Y2015,lngth,yr_db,yr_fn,Q_DIS,Qm,Pm,ETPm,Arid
6.510817,48.38472,A7010610,6830.8,6830.861241478404,0.388423443366438,7.2635814889336,6.003981964045207,6.306435556596591,6.767142940797564,6.822626925103941,5.249751127247174,5.635796685600515,6.085085202318909,6.150377701001347,2.380614305211929,2.42626229473248,2.447190209850405,2.472098032665258,16.0,1997.0,2012.0,1.0,0.057539489095037,0.123478858263141,0.073567131580824,0.595787260548804
5.990638,47.794393,U0820010,5144.01,5143.94068168666,0.0,5.45777146912704,2.910180967766392,3.068617673760354,3.272738583323128,3.308702743579425,2.746106636651173,2.926899442263915,3.108664252207908,3.155903662706721,1.153999410420166,1.153007598897647,1.158971052321966,1.163327788170584,16.0,1997.0,2012.0,0.934441307323751,0.093537601931737,0.121216196459766,0.075983036732831,0.626838971993347
5.654407,48.509425,B3010010,3205.4,3205.4036841522975,0.0,5.626708317063647,2.921320272040931,3.081050726898359,3.25388407063081,3.313471017657703,2.472390341299058,2.609970674486803,2.785611780121046,2.81712110813003,1.115150702603052,1.126267050619131,1.140085353540585,1.152366390037403,16.0,1997.0,2012.0,0.89503479352042,0.043927528192478,0.106887557496593,0.073174272865332,0.68459112264125
6.218613,43.482287,Y5312010,2506.5,2506.547094916305,0.0,1.230476994512452,3.961699581089168,5.493317374825454,6.458408138839019,6.522641133054059,3.513664472371833,4.940355076800319,5.925792938360264,5.981248753241572,1.424457840458,1.441288464223734,1.503012347649159,1.504901478127306,16.0,1997.0,2012.0,0.9902535363906,0.02356311373257,0.094098039798823,0.094846356277093,1.007952522353162
-0.253468,43.9389,Q2593310,2471.98,2472.007273171547,0.711126739056935,0.718936085748313,1.420723468636478,1.720078641412957,2.013770337947718,2.177202080922985,1.346693743476889,1.599932038285099,1.889578394647206,2.059887215915986,0.662279344803013,0.692756347730519,0.728674285647712,0.74471569921314,16.0,1997.0,2012.0,0.999971480720967,0.023294433086464,0.10096733768945,0.090847853175622,0.899774664838195
-2.577079,48.052672,J8502310,2453.25,2453.248131554416,0.34001686264821,1.399915718499789,2.98135126872516,3.128503006216244,3.351880158972791,3.489248955467237,2.835422398858657,2.976867420768369,3.224294303474982,3.35554876184653,1.367975473486732,1.405761310967766,1.43998696910772,1.457227628752618,16.0,1997.0,2012.0,0.961741387177732,0.037017146857527,0.103731594055089,0.076243818061259,0.735010575367501
5.71969,48.34128,B2130010,2326.67,2326.6363929301087,0.0,6.032928263426108,2.750712391529525,2.959594613761298,3.133663132287776,3.189966776551896,2.36088486979245,2.543119565731281,2.701285528244229,2.727503255725995,1.031082279423319,1.039490292772712,1.04997958427568,1.060507221149143,16.0,1997.0,2012.0,0.999950091261693,0.035651174407367,0.10842744485861,0.073284538558065,0.675885514167262
4.222954,44.544015,V5064010,2261.12,2261.2010589241254,3.254248236094881,5.026014568158169,1.449724030568922,1.626627512029437,1.722597650721766,1.743826068497028,1.372328757429946,1.534637701669969,1.626627512029437,1.642991084064534,0.85501169294779,0.862070447799214,0.883797926049623,0.889806969067642,16.0,1997.0,2012.0,0.996627595254392,0.092192808565117,0.150120114030573,0.082561264409366,0.549968041247925
6.245675,47.496806,U1084010,2070.72,2070.710902078635,0.0,5.843672456575683,3.42972492659558,3.754249729562664,4.248280791222377,4.430343069077423,3.196472724462989,3.580880080358523,3.960941121928605,4.128998609179416,1.512995064686051,1.536165513958643,1.551289191162139,1.560925116863343,16.0,1997.0,2012.0,0.999971480720967,0.057559927693227,0.13631507570717,0.077367138732033,0.567561131127304
0.647085,48.993748,I0211010,1810.84,1810.9239716458626,0.0,3.304619826756497,2.677210576307128,2.943385390205651,3.289081310331117,3.358662278279693,2.596032780367123,2.841222857900201,3.1112632811292,3.168142961277639,0.953556326579657,0.95744671451846,0.964402055789396,0.972045443300572,16.0,1997.0,2012.0,0.843849817476614,0.02257517930628,0.087626984553238,0.073777046229751,0.841944366956226
4.327172,47.020035,K1321810,1792.48,1792.4396871289314,1.143050827866595,5.197613721103654,2.05860037489958,2.083147371239846,2.12443095599393,2.127220387396233,1.800856913326788,1.820382933142908,1.849393019726859,1.852182451129162,0.646957771818437,0.651984877843801,0.675888569498564,0.681094649157005,16.0,1997.0,2012.0,0.982603239790098,0.041206269144943,0.11194976927878,0.07577928480778,0.676904335323255
4.026849,47.599637,H2342030,1352.17,1352.059456691096,0.0,3.911071587372165,1.39775324108655,1.644763602209781,1.933928426159433,1.951677673665294,1.25428015708084,1.475406198924691,1.761612814956699,1.778622510483149,0.768698998059548,0.776383292886303,0.787260058086334,0.790873516814831,16.0,1997.0,2012.0,0.947182295231577,0.027706316706831,0.095287312835905,0.077941663322781,0.817964750350729
1.236452,48.262179,M1041610,1079.94,1079.9745385814633,0.0,2.718990120746433,1.688056743893179,1.852880715595311,1.993629275700502,2.009370890975425,1.559345889586458,1.672315128618256,1.767690797636906,1.802877937663204,0.697075535186431,0.69849445192813,0.71559081878614,0.718269759269438,16.0,1997.0,2012.0,1.0,0.01139522246932,0.077073234185641,0.076979622304928,0.998785422327426
2.70704,44.352549,O5192520,1058.17,1058.1268665833031,0.0,5.546457814168742,2.412655811448066,3.043934339472864,3.339728021017417,3.446516155249157,2.171673738624229,2.804842322122154,2.997627980381224,3.094020809510759,1.337483669321914,1.391154140431735,1.404744137588987,1.414596980034234,16.0,1997.0,2012.0,0.999985740360484,0.034408851567817,0.105864690107345,0.079004151216347,0.746274801503162
6.384361,47.865941,U0474010,1027.71,1027.6762001670456,0.0,7.46606334841629,3.803602183495344,3.968045460295219,4.489593367778848,4.525595741989472,3.424117698572554,3.680026466610231,4.118866217123507,4.211304745502136,1.569696415009834,1.582945845059184,1.592971525054822,1.599871711338055,16.0,1997.0,2012.0,0.999992870180242,0.07469280075607,0.148584720388441,0.074665972165184,0.502514471363275
0.016386,48.67056,I3121010,934.46,934.4471301603538,0.0,2.760722347629797,2.447402778075038,2.585450420563748,2.846563790852471,2.962138561308135,2.09746805641761,2.034329987372386,2.119940928450656,2.175588040151531,1.045141362117144,1.062940900498603,1.079448985672018,1.088429229905211,16.0,1997.0,2012.0,0.955517054528861,0.028710261930786,0.090405244509665,0.074011061665811,0.818658927603878
1.080643,45.469952,P6161510,806.17,806.1462602357643,0.0,1.537541528239203,1.689469962911049,1.75025118771475,1.967326990585112,1.967326990585112,1.548060582755498,1.565426646985127,1.691950829229567,1.691950829229567,0.441823343106642,0.453996396661032,0.459395450821767,0.460664478796281,16.0,1997.0,2012.0,0.978917122975131,0.045268539062652,0.118931242215354,0.083407247276409,0.701306453656817
7.537734,48.93237,A3301010,621.31,621.3702535121829,0.0,5.541429197720298,5.049009351209541,5.081199401265069,5.605897217170173,5.687981844811769,4.970143728573498,5.042571341198435,5.56726915710354,5.649353784745135,1.888579752985965,1.915735074679709,1.925334452574104,1.928276965741705,16.0,1997.0,2012.0,1.0,0.030298110677351,0.097461262052273,0.076218352605236,0.782037400712768
-1.212312,46.897495,M7453010,594.77,594.7383712312416,3.101938157825217,0.546229228802727,5.566857776955798,6.012408157775274,7.490290364342519,8.248566672831515,5.309615481614742,5.802242883803824,7.264993190645123,8.008137599408174,3.451744704548298,3.682172012897134,3.792183702101501,3.851807960636006,16.0,1997.0,2012.0,1.0,0.031033416621196,0.096813098670929,0.082666717915811,0.853879469966383
2.639105,46.840301,K5653010,575.01,574.9956281206997,3.64919705755769,2.393126177024482,1.048677414305838,1.064329316011895,1.137371523973496,1.137371523973496,1.048677414305838,1.064329316011895,1.137371523973496,1.137371523973496,0.405437950872702,0.413493659086324,0.41494966921509,0.415499933912584,16.0,1997.0,2012.0,0.995094684006388,0.019957945728541,0.08927015268049,0.081542649063142,0.913436867048896
3.020217,46.250457,K3373010,562.66,562.6434364586603,0.0,4.964093357271095,1.832367682081541,1.910567660754274,1.988767639427008,1.988767639427008,1.757722247893932,1.80570859844311,1.899904027298902,1.899904027298902,0.791263540523997,0.800890935731343,0.830703015972433,0.839300986555629,16.0,1997.0,2012.0,0.946412274697696,0.023718788540537,0.090797126215506,0.079083658652749,0.870992977625032
1.320916,43.083932,O0794010,477.39,477.38068879517425,3.400043668636723,3.227654698242934,0.509017784201596,0.509017784201596,0.632606464316387,0.670311485368357,0.509017784201596,0.509017784201596,0.632606464316387,0.670311485368357,0.257480057648478,0.25949691647674,0.260230929078965,0.264335031505564,16.0,1997.0,2012.0,0.966939025781428,0.030730663232027,0.099500929414606,0.086580929728496,0.87015197287424
4.993155,48.34561,H5083050,461.54,461.49150013139246,0.0,4.869466515323497,0.831997226675911,0.942496858343805,1.224162586124713,1.226329245569181,0.831997226675911,0.83416388612038,1.109329635567881,1.11149629501235,0.660523232029067,0.673990597632767,0.680006621873678,0.682454288269923,16.0,1997.0,2012.0,0.98541951859457,0.038665772506157,0.105818532662195,0.075855164442163,0.716841959819392
3.697766,48.95368,H5302010,442.69,442.6935609254205,0.0,3.444608567208271,0.960039756940523,0.975852176466602,1.011994849669069,1.011994849669069,0.960039756940523,0.975852176466602,1.011994849669069,1.011994849669069,0.375915765809723,0.378330098561159,0.379967363136609,0.38145734618568,16.0,1997.0,2012.0,0.94608430298882,0.018397687605648,0.085893463904966,0.075485370187372,0.878825537908723
5.437705,46.838157,U3415030,438.51,438.56867420385765,0.0,3.35963963963964,1.548425349478917,1.555266698592963,1.584912544753825,1.584912544753825,1.493694556566555,1.493694556566555,1.523340402727418,1.523340402727418,0.876887955754343,0.877462806502603,0.883285115977031,0.885168511451774,16.0,1997.0,2012.0,0.999878793064111,0.041452982124844,0.120888090759803,0.082824365089551,0.685132542832182
4.49332,49.804308,B5572010,367.9,367.90041187576725,0.0,4.05,3.047023647730362,3.25903778200598,3.718401739603153,3.718401739603153,2.98178852949171,3.019842348464257,3.492796955694482,3.492796955694482,1.047776909168204,1.064888396958683,1.077082153190111,1.077493142031437,16.0,1997.0,2012.0,0.997582991101985,0.051214134874938,0.120588376222498,0.070824618561773,0.587325420622599
0.731091,49.701527,G6003010,353.44,353.4356640567141,0.0,2.056132256824299,3.791308284291535,4.142145767315528,4.665572657311,4.869284744228158,3.553644182888185,3.870529651425985,4.393956541421458,4.597668628338615,0.984221027840119,0.984221027840119,1.006633234530847,1.01410283833627,16.0,1997.0,2012.0,0.96847906684919,0.039885229087747,0.112593953315798,0.073212949727641,0.650238729014575
3.567,48.761128,H5702010,349.32,349.3349080710774,0.0,3.287901234567901,1.674682239780144,1.674682239780144,1.769151494331845,1.769151494331845,1.674682239780144,1.674682239780144,1.769151494331845,1.769151494331845,0.517149342163897,0.525077002347283,0.527402530486059,0.541403790004008,16.0,1997.0,2012.0,0.999985740360484,0.019422987651292,0.083750341423066,0.076221577715035,0.910104671215369
-2.169645,47.941441,J8632410,342.93,342.86137940041147,0.0,1.241268382352941,3.464263843933164,3.615898288280407,3.895838800921471,4.111626279415624,3.426355232846353,3.577989677193596,3.790861108681072,4.006648587175225,1.246892004143994,1.301788264282314,1.319599740533679,1.344545373939501,16.0,1997.0,2012.0,0.994246235455168,0.029813573262151,0.095576257361123,0.07708633308379,0.806542706462151
2.489717,47.946503,H3322010,342.83,342.8402133036815,0.0,2.544820182501342,2.526033310970452,2.747717527637604,3.0423241839979,3.097745238164688,2.406440509873698,2.610623341014497,3.0423241839979,3.0423241839979,0.954199150159491,0.998129744184473,1.001214557893926,1.017473999593981,16.0,1997.0,2012.0,0.999643509012092,0.014834695089187,0.079536626561358,0.079566349211442,1.000373695198363
2.71514,49.175467,H7813010,334.4,334.4422489966947,0.0,2.208569953536397,7.248803827751196,7.77511961722488,7.98444976076555,8.211722488038278,5.565191387559809,6.229066985645933,6.650717703349282,6.857057416267943,2.526088190104761,2.536336997213219,2.570649092801014,2.61434129620172,16.0,1997.0,2012.0,0.913593714350901,0.01542007977686,0.082674247387165,0.077131686024127,0.932959027543082
3.919848,46.834405,K1753110,333.49,333.5074905216303,0.0,3.707132018209408,1.544274191130169,1.601247413715554,1.421331973972233,1.439323517946565,1.358361570062071,1.358361570062071,1.235419352904135,1.235419352904135,0.42236564195255,0.425647157878577,0.430532933858823,0.438685140363797,16.0,1997.0,2012.0,0.999985740360484,0.043939386439621,0.121475835751851,0.077832552675108,0.640724570139571
2.480753,47.345092,K6373020,331.74,331.7864651986167,0.0,3.143859649122807,0.723458129860734,1.064086332670163,1.136432145656237,1.136432145656237,0.723458129860734,0.723458129860734,0.783746307349129,0.783746307349129,0.201977896649294,0.204075629289652,0.204970179645483,0.206275837375085,16.0,1997.0,2012.0,0.999914442162902,0.03160468217993,0.100402937319119,0.078419639081394,0.781049248297032
4.37488,49.627704,H6233020,322.76,322.73275252253245,0.0,3.064694280078895,2.181187259883505,2.181187259883505,2.274135580617177,2.274135580617177,2.181187259883505,2.181187259883505,2.274135580617177,2.274135580617177,0.613549549728201,0.646434387727026,0.653766641961415,0.656066957015341,16.0,1997.0,2012.0,0.999964350901209,0.045985968612126,0.107134836716122,0.073423318139687,0.685335599257938
1.03295,48.482732,H9021010,314.91,314.9580381427229,0.0,2.964017991004498,2.175224667365279,2.238734876631419,2.413387952113302,2.413387952113302,2.041853227906386,2.105363437172525,2.276841002191102,2.276841002191102,0.854094329989865,0.856306657556585,0.871608801558535,0.87197201951725,16.0,1997.0,2012.0,0.986988078941364,0.018171966319483,0.08369619340104,0.075444259946099,0.901406115464655
5.035676,47.190309,U1415040,308.23,308.2477277298944,0.0,4.412756264236902,5.700288745417383,5.661356779028647,6.190182655808973,6.287512571780813,5.612691821042728,5.661356779028647,6.190182655808973,6.287512571780813,3.118269328094221,3.211180954407784,3.274926227657426,3.343858274051601,16.0,1997.0,2012.0,0.999914442162902,0.022122274423097,0.089844010446615,0.080584169012377,0.896934230436549
2.654693,42.890283,Y0655010,307.25,307.23029409111626,0.0,2.978144329896907,0.397070789259561,0.563059397884459,0.576078112286412,0.602115541090317,0.331977217249797,0.38079739625712,0.387306753458096,0.387306753458096,0.305090218349367,0.334654808542328,0.359243361051764,0.359744610268969,16.0,1997.0,2012.0,0.857389345197353,0.018564195253494,0.080682083901138,0.091993820941707,1.1402013458593
3.780258,49.208674,H6423010,299.24,299.22204408283284,0.0,3.393407761828814,1.239807512364657,1.34674508755514,1.821280577462906,1.821280577462906,1.216414917791739,1.34674508755514,1.821280577462906,1.821280577462906,0.774286688306876,0.731997625884278,0.733780886229594,0.739392675532171,16.0,1997.0,2012.0,0.998937656856035,0.016909480760009,0.082784144414668,0.07512570254392,0.907489020531322
1.067702,45.945998,L0813010,298.22,298.1958607132218,0.85999843729026,2.025026436376454,1.331231976393267,1.82415666286634,2.706055931862383,2.652404265307491,1.331231976393267,1.793977600429213,2.337200724297499,2.384145932533029,0.625313049555392,0.663289465035701,0.676119969577016,0.685511120888437,16.0,1997.0,2012.0,0.996627595254392,0.044207847188183,0.114821283193601,0.081393741080595,0.708873294007275
2.834703,50.198131,E1566010,295.82,295.8333689537374,0.0,3.07292759706191,4.671759853965249,6.176053005205868,6.5309985802177,6.730444189033872,4.671759853965249,6.176053005205868,6.5309985802177,6.730444189033872,1.781216705155732,1.859242243146332,1.874907382869752,1.877288386758319,16.0,1997.0,2012.0,0.90516626739676,0.022100525552277,0.086722233270012,0.073543135131474,0.848030914890631
1.15832,46.040591,L5223020,286.29,286.339011157181,0.0,2.253371185237757,2.714031227077439,2.581298683153446,2.542876104649132,2.441580215865032,2.333298403716511,2.392678752314087,2.42411540745398,2.441580215865032,0.748062107549713,0.77461357397797,0.783524596461574,0.784960641470689,16.0,1997.0,2012.0,0.973812172028291,0.040968514983759,0.119277679567056,0.080902952729295,0.678274028560851
2.629659,49.48164,H7423710,279.76,279.7715851917281,0.0,2.487012987012987,5.644123534458107,6.81298255647698,7.306262510723477,7.406348298541607,5.644123534458107,6.641406920217329,7.13111238204175,7.23119816985988,1.735652529492757,1.762915547269194,1.771231139433436,1.776438392986078,16.0,1997.0,2012.0,0.973562628336756,0.014723776832337,0.076874329750573,0.074772872761237,0.972663728366274
2.204651,50.063314,E6456510,269.57,269.57918230722527,0.0,3.057253760310529,4.343955187891828,4.703787513447342,4.967169937307564,5.052491004191861,4.343955187891828,4.703787513447342,4.967169937307564,5.052491004191861,1.110731752193061,1.125992664078915,1.14921831876213,1.151639970620748,16.0,1997.0,2012.0,0.973384382842802,0.026118964035049,0.098009291619772,0.072326023485626,0.737950680473742
4.326359,47.297667,H2322010,266.71,266.68342525339057,0.0,5.652,1.462262382362866,1.559746541187057,1.61223801132316,1.61223801132316,1.353530051366653,1.451014210190844,1.503505680326947,1.503505680326947,0.572353589668594,0.577187811700827,0.584799874007245,0.589022131227454,16.0,1997.0,2012.0,0.999693417750399,0.028040155564269,0.100998053370332,0.075841838901723,0.75092376416788
3.95315,50.05139,D0137020,266.21,266.1763220971681,0.0,3.845769070446019,4.718079711505954,4.770669771984523,5.037376507268697,5.086210134855941,4.624168889222794,4.624168889222794,4.887119191615642,4.913414221854927,1.526746373806046,1.532168382834713,1.538296692479821,1.545263556525346,16.0,1997.0,2012.0,0.982738706365503,0.051768679499893,0.105314636056148,0.071843387876454,0.682178565602015
5.718,46.744869,U3404030,235.56,235.52752967110663,0.0,8.334521263958186,2.080149431142809,2.080149431142809,2.186279504160299,2.215995924605196,1.974019358125318,1.974019358125318,2.080149431142809,2.080149431142809,0.69523445593655,0.697461808238721,0.709503914675362,0.712474312596593,16.0,1997.0,2012.0,0.998702372804016,0.061374993323786,0.165313731167061,0.07229095016256,0.437295495857655
6.038889,48.090008,U0020010,231.2,231.1580232519732,0.0,6.519985331866521,1.241349480968858,1.366782006920415,1.379757785467128,1.379757785467128,1.241349480968858,1.366782006920415,1.379757785467128,1.379757785467128,0.476873161446617,0.477331718290362,0.479027513410625,0.47911749437619,16.0,1997.0,2012.0,0.999935831622177,0.044388786332563,0.11825355455382,0.073819516968971,0.624247759393988
6.388533,47.960862,U0444310,224.54,224.5720120809957,0.0,8.58168245765145,2.885900062349693,2.99723879932306,3.188741426917253,3.188741426917253,2.591965796740002,2.761200676939521,3.037320744633473,3.037320744633473,1.157510749489689,1.159432654936928,1.166742664163499,1.170061023615035,16.0,1997.0,2012.0,0.973484200319416,0.086220903911954,0.1545000428579,0.073217606498118,0.47390023204674
3.094088,46.589093,K3553010,222.63,222.662322559508,0.0,3.340355805243445,1.320576741679019,1.356510802677088,1.477788258545569,1.495755289044603,1.203791043435296,1.239725104433365,1.343035529802812,1.361002560301846,0.506401654172348,0.513434760973174,0.522627202224725,0.523198473734984,16.0,1997.0,2012.0,0.891313027606662,0.016807406045526,0.089285215268903,0.081884384703685,0.917110236244263
1.032182,44.622862,O8394310,219.72,219.70416434433122,0.0,1.153287615974183,0.814673220462407,0.9466593846714,1.001274349171673,1.001274349171673,0.578008374294557,0.641725832878209,0.828326961587475,0.828326961587475,0.48145073343201,0.485581693420504,0.490104084170358,0.492598317393909,16.0,1997.0,2012.0,0.999158681268538,0.015429073514159,0.096816628509625,0.088539690380447,0.914509127339811
-0.335486,43.432529,Q3224010,197.96,197.94319493475498,0.0,0.992396694214876,1.363911901394221,1.439684784805011,1.586179026065872,1.586179026065872,1.363911901394221,1.439684784805011,1.586179026065872,1.586179026065872,0.650587850153783,0.65750302109309,0.703065954806872,0.709714380403109,16.0,1997.0,2012.0,0.999971480720967,0.043522288650944,0.124326133645336,0.090516555348791,0.728057347055686
5.050446,44.900933,V4034020,195.25,195.25964108053606,0.0,5.26676279740447,4.40460947503201,5.024327784891165,5.792573623559539,6.064020486555698,4.276568501920615,4.89628681177977,5.526248399487836,5.797695262483995,2.846781330405284,2.854981645061375,2.863520248774462,2.866871657041952,16.0,1997.0,2012.0,0.998574036048369,0.020873910605603,0.112898467059414,0.083924499907312,0.743362624472068
5.064891,45.17726,W3534020,190.15,190.14917367085184,0.0,4.891593761886648,1.172758348672101,1.546147778069945,1.630291874835656,1.672363923218512,1.172758348672101,1.546147778069945,1.630291874835656,1.672363923218512,1.120967012438967,1.12372281276756,1.161961120075059,1.162798378495501,16.0,1997.0,2012.0,0.98058550079854,0.026059293499792,0.10520445603581,0.083950406207221,0.797973858793905
0.272689,43.058969,Q0522520,182.59,182.62898672055152,0.0,5.581658647042174,0.366942329809957,0.366942329809957,0.377895832192344,0.377895832192344,0.366942329809957,0.366942329809957,0.377895832192344,0.377895832192344,0.27163714255677,0.271637737502053,0.271637737502053,0.272583315811606,16.0,1997.0,2012.0,1.0,0.060044059552273,0.124857560175107,0.081622891812115,0.653728070093881
3.553085,47.020008,K1764020,179.86,179.86366311742384,0.0,2.978588421887391,0.0,0.0,0.0,0.0,0.0,0.0,0.0,0.0,0.139475252633077,0.139475252633077,0.139526401935668,0.139526401935668,16.0,1997.0,2012.0,0.999693417750399,0.035150067660551,0.107530883535231,0.078994948330196,0.734625686025125
0.96889,45.758323,L0914020,178.28,178.26850431404796,0.0,1.922316384180791,0.493605564280906,0.678707650886246,0.751626654700471,0.835763966793807,0.493605564280906,0.678707650886246,0.751626654700471,0.835763966793807,0.288742191426725,0.30500556473038,0.309683977166655,0.310686974940763,16.0,1997.0,2012.0,0.983594284736482,0.03843295673061,0.110792164498529,0.081847027499715,0.738743826033263
0.440883,47.936994,M0424810,167.4,167.42703694845832,0.0,1.67621920563097,1.965352449223417,1.965352449223417,2.078853046594982,2.078853046594982,1.744324970131422,1.744324970131422,1.857825567502987,1.857825567502987,0.529335314663596,0.550528699823687,0.551596611351876,0.553460081132607,16.0,1997.0,2012.0,0.999836014145562,0.0174544537513,0.080971259197555,0.080530658709788,0.994558566178032
2.57405,44.171569,O5424010,160.97,161.01156898500534,0.0,6.073994252873564,0.621233770267752,0.95048766850966,0.788966888240045,0.956700006212338,0.621233770267752,0.788966888240045,0.788966888240045,0.788966888240045,0.371258719716994,0.375625097817095,0.37866084359947,0.37866084359947,16.0,1997.0,2012.0,0.999985740360484,0.035566177089724,0.106929019180349,0.078878740182238,0.737673852465071
4.018003,50.03373,D0137010,160.55,160.5490036748399,0.0,3.9719703215169,6.782933665524759,6.870133914668328,7.28122080348801,7.349735284957957,6.627218934911243,6.627218934911243,7.032077234506384,7.063220180629087,1.988046061777793,1.99494237294892,2.004429927172795,2.013937125972285,16.0,1997.0,2012.0,0.994588466803559,0.035789360851082,0.10588843112392,0.071581620151723,0.676009835633822
2.282505,44.522974,O7944020,152.52,152.54529991557817,0.0,2.008013355592654,7.900603199580383,7.946498819826908,8.575924468922109,7.585890375032783,5.717282979281405,5.691056910569106,6.497508523472331,6.674534487280357,1.995476809800508,2.004989930985295,2.016771202617944,2.020987602525644,16.0,1997.0,2012.0,0.997547342003194,0.033415054958288,0.108959599583208,0.085904208768252,0.788404227688237
5.52563,47.764535,U0704010,145.69,145.71763806266023,0.0,5.289621882542236,2.724963964582332,2.807330633536962,2.807330633536962,2.807330633536962,2.724963964582332,2.807330633536962,2.807330633536962,2.807330633536962,1.080911505446707,1.079435493833091,1.084582591007541,1.084862593093831,16.0,1997.0,2012.0,0.998189025781428,0.034956003349479,0.109039394633721,0.075369026294775,0.691209143751272
-0.350878,48.391259,M3014010,144.37,144.3563089987001,0.0,2.40379746835443,1.336842834383875,1.364549421624991,1.516935651451133,1.593128766364203,1.156750017316617,1.184456604557734,1.288356306711921,1.322989540763317,0.990506986757995,0.995358786578996,0.999135487410535,1.004452806348643,16.0,1997.0,2012.0,0.999821754506046,0.038897335515868,0.101326317749201,0.075698798382957,0.747079338905317
-1.283153,49.017287,I7222020,141.06,141.03371845732602,0.0,1.41830985915493,0.361548277328796,0.425350914504466,0.425350914504466,0.425350914504466,0.361548277328796,0.425350914504466,0.425350914504466,0.425350914504466,0.622182578286531,0.631967508359734,0.633862097718835,0.634695943933769,16.0,1997.0,2012.0,0.921015856719142,0.061520664986689,0.122513568149013,0.074103605243269,0.604860393398253
4.115454,47.04969,K1284810,135.49,135.51482379684975,0.0,6.849015317286653,1.173518340836962,1.173518340836962,1.217802051811942,1.217802051811942,1.173518340836962,1.173518340836962,1.217802051811942,1.217802051811942,0.197224796774365,0.197877125973328,0.204007839757251,0.205955972206644,16.0,1997.0,2012.0,0.999900182523386,0.075471436159226,0.138577883550592,0.073507756117385,0.530443630489204
2.903514,46.82593,K4013010,134.94,134.9673655150867,0.0,2.581547064305685,2.319549429376019,2.371424336742256,2.415888543056173,2.415888543056173,2.082406995701793,2.13428190306803,2.178746109381947,2.178746109381947,0.983008852704861,1.018502656996956,1.027826597236012,1.034560224770384,16.0,1997.0,2012.0,0.990424652064796,0.019561048530592,0.090077245770264,0.081227273792209,0.90175129720316
3.352569,47.837261,H2513110,133.47,133.45261163519837,0.0,2.927631578947369,3.551359856147449,3.648760020978497,4.023376039559452,4.045853000674309,3.483928972802877,3.513898254289353,3.881021952498689,3.903498913613546,1.124961550756018,1.123701760959161,1.127481453727988,1.13205844885725,16.0,1997.0,2012.0,0.9764858544376,0.020183698655271,0.083215013318412,0.079480888232945,0.955126787596176
-0.166649,48.229618,M0134010,123.33,123.28716535470397,0.0,2.277704774419623,0.478391307873186,0.478391307873186,0.510824616881537,0.510824616881537,0.478391307873186,0.478391307873186,0.510824616881537,0.510824616881537,0.448364134243518,0.450875360137047,0.451955771277286,0.451955771277286,16.0,1997.0,2012.0,1.0,0.035699194038047,0.09249382619837,0.076491482111282,0.826990136682872
3.374706,49.304996,H6513010,119.21,119.17206115451859,0.0,3.429375639713408,2.91082962838688,2.91082962838688,3.539971478902777,3.665799849005956,2.91082962838688,2.894052512373123,3.128932136565724,3.649022732992198,0.114008131167567,0.683915858582807,0.683915858582807,0.683915858582807,16.0,1997.0,2012.0,0.967302646589094,0.021066835651386,0.082283269043349,0.075117471252567,0.912913072266022
-0.606789,48.019986,M3514010,119.11,119.09935590628496,0.0,1.411934552454283,0.881538074049198,1.544790529762404,1.989757367139619,2.107295777012845,0.671648056418437,1.049450088153807,1.326504911426412,1.326504911426412,0.824927958729924,0.83907760305764,0.84063261974972,0.845173402833287,16.0,1997.0,2012.0,0.99972906684919,0.022537012313595,0.088395477437574,0.079507105457164,0.899447660413036
3.891052,46.949433,K1724210,113.77,113.77229544579404,0.0,4.845117845117844,0.316427880812165,0.316427880812165,0.316427880812165,0.316427880812165,0.316427880812165,0.316427880812165,0.316427880812165,0.316427880812165,0.143075121910059,0.143075121910059,0.147371418727213,0.147371418727213,16.0,1997.0,2012.0,0.999850273785079,0.053144538113335,0.136574110718161,0.077667383833847,0.568683061801233
1.446624,45.493088,P6222510,113.29,113.25530215804969,0.0,2.214063472308649,0.688498543560773,0.573748786300644,0.573748786300644,0.60022949951452,0.458999029040515,0.573748786300644,0.573748786300644,0.60022949951452,0.323401955902141,0.324330815171133,0.328671378066913,0.328671378066913,16.0,1997.0,2012.0,0.997711327857632,0.041288081456227,0.127945210073301,0.081574457934063,0.637573363112656
2.951614,44.169112,O3454310,111.79,111.73244125784709,0.0,8.20323488045007,0.375704445835942,0.644064764290187,0.644064764290187,0.644064764290187,0.375704445835942,0.644064764290187,0.644064764290187,0.644064764290187,0.194529865573594,0.194529865573594,0.194529865573594,0.194529865573594,16.0,1997.0,2012.0,0.978446554871093,0.039979175101324,0.100085851377936,0.076895210593486,0.768292513679941
2.147305,49.25184,H7843010,107.18,107.16183239577958,0.0,2.828125,11.326740063444673,11.979846986378055,12.91285687628289,13.276730733345774,11.093487590968465,11.746594513901847,12.67960440380668,13.043478260869565,3.544517275360588,3.615369397079464,3.748376235554096,3.776219129811569,16.0,1997.0,2012.0,0.99288443988136,0.021441436811873,0.084833319910616,0.07444277175308,0.877518085567772
3.986955,47.039136,H2001020,106.15,106.15960803819327,0.0,7.102272727272728,0.829015544041451,0.829015544041451,0.979745642958078,0.979745642958078,0.829015544041451,0.829015544041451,0.979745642958078,0.979745642958078,0.326307301596871,0.330975832158979,0.33522988462437,0.336816205339985,16.0,1997.0,2012.0,0.999992870180242,0.086611822298652,0.14986221259613,0.074514277492585,0.497218576580547
1.947712,50.764323,E4306010,105.83,105.81008218390532,0.0,2.298387096774194,2.579608806576585,2.589057923084192,2.94812435037324,2.94812435037324,2.579608806576585,2.589057923084192,2.94812435037324,2.94812435037324,0.530482480181757,0.533548306612886,0.534561428047586,0.540326391435344,16.0,1997.0,2012.0,0.980207620351358,0.055633465003718,0.120949577661597,0.071010745914613,0.587110321659421
-2.441524,48.347877,J1103010,103.34,103.34443886135669,0.0,1.728142670726403,2.303077220824463,2.341784401006387,2.467582736597639,2.467582736597639,2.051480549641958,2.090187729823882,2.138571705051287,2.138571705051287,1.47788895124925,1.52643842774477,1.558646049041048,1.570393450871862,16.0,1997.0,2012.0,1.0,0.027274505639091,0.098686554828524,0.0756849556953,0.766922667487657
-1.689648,48.334365,J7103010,102.49,102.48621832839247,0.0,1.059194565744784,2.039223338862328,2.195336130354181,2.614889257488536,2.67343155429798,1.795297102156308,1.795297102156308,2.107522685140014,2.107522685140014,1.258938050334103,1.279913195528633,1.302777430837445,1.328693873727596,16.0,1997.0,2012.0,0.996064339493498,0.024731360090893,0.091631310221526,0.077309411533196,0.843700812905066
1.120224,44.574671,O8344020,100.69,100.67186387112154,0.0,1.265893642542983,0.248286820935545,0.248286820935545,0.268149766610388,0.268149766610388,0.248286820935545,0.248286820935545,0.268149766610388,0.268149766610388,0.256591389476026,0.257970058643103,0.258585890691798,0.258585890691798,16.0,1997.0,2012.0,1.0,0.008707405174708,0.095709061758934,0.088617875912617,0.925908939019557
-4.623901,48.419607,J3323020,95.34,95.3020520638086,0.0,0.720670391061452,9.397944199706314,10.866372980910425,11.212502622194252,12.35577931613174,8.107824627648416,8.883994126284875,9.261590098594503,10.341934130480386,5.628585938713238,5.806633173421977,6.080522293154031,6.195926264805379,16.0,1997.0,2012.0,0.999322667122975,0.056393140711108,0.124985464932794,0.075543353033025,0.604417102080205
0.645109,47.883939,M1254010,90.96,90.96538414621952,0.0,1.959919839679359,0.736587510993843,0.736587510993843,0.747581354441513,0.747581354441513,0.736587510993843,0.736587510993843,0.747581354441513,0.747581354441513,0.247779321747696,0.249630619855062,0.249630619855062,0.252123935833392,16.0,1997.0,2012.0,0.996064339493498,0.019424650886035,0.082000650906358,0.079811286362081,0.973300647192499
-1.291977,48.821901,I7102020,90.27,90.24409139687239,0.0,1.550449205252246,2.680846349839371,2.902403899412873,2.991026919242273,3.068572061592999,2.414977290351169,2.63653483992467,2.625456962445995,2.625456962445995,0.613203522835331,0.628275082555794,0.630828217459719,0.638297023558875,16.0,1997.0,2012.0,0.890407540497376,0.067100669090574,0.130663678589684,0.073911373516997,0.565661195984479
-1.564288,46.581216,N2024010,88.98,88.96687317575302,0.0,0.498495917490331,2.348842436502585,2.663519892110587,3.124297594965161,4.338053495167453,2.348842436502585,2.663519892110587,3.124297594965161,4.338053495167453,1.630644240323357,1.880108085263267,1.906446000080929,1.943435079153122,16.0,1997.0,2012.0,0.981647843942505,0.032095500454783,0.099537022651427,0.083520404103924,0.839088828399033
5.865562,43.208102,Y4515420,88.63,88.62868044694761,0.0,0.993407498969922,2.831998194742187,4.603407424122757,4.682387453458197,4.682387453458197,2.155026514724134,3.926435744104705,3.971567189439242,3.971567189439242,1.773149443546858,1.774521396142286,1.8043035792457,1.804655591809841,16.0,1997.0,2012.0,0.906421115674196,0.006690029691059,0.079855816882379,0.094498741508385,1.183367035974543
5.021527,45.564616,V3225420,85.85,85.79838761868228,0.0,4.065303193397919,8.130460104834013,7.594641817122889,8.316831683168317,8.922539312754806,6.872451951077461,7.221898660454281,7.594641817122889,8.200349446709376,2.734066210716234,2.761050271099363,3.200016783451517,3.263043305966983,16.0,1997.0,2012.0,0.998345881816108,0.031763656312498,0.10083498704716,0.085610843272302,0.849019238965687
1.204536,49.570024,H9913010,85.35,85.35371179263701,0.0,2.7585931254996,2.999414176918571,3.186877562975981,3.702401874633861,3.772700644405389,2.999414176918571,3.186877562975981,3.702401874633861,3.772700644405389,0.7346821134325,0.752059724995079,0.761109392720899,0.764038466945983,16.0,1997.0,2012.0,0.986146760209902,0.028932664812606,0.109093303665139,0.072025956372633,0.660223441441681
0.419579,48.859867,I0113010,82.04,82.04882049793329,0.0,3.64716391246092,0.572891272549976,0.572891272549976,0.597269624573379,0.694783032666992,0.572891272549976,0.572891272549976,0.597269624573379,0.694783032666992,0.337166786919132,0.341612878064,0.341612878064,0.342646399251185,16.0,1997.0,2012.0,0.989533424595026,0.028269025822719,0.09487383594334,0.07226313925251,0.761676162937879
4.127821,48.627624,H1503910,79.19,79.21421904028601,0.0,3.07847295864263,0.833438565475439,0.833438565475439,0.833438565475439,0.833438565475439,0.833438565475439,0.833438565475439,0.833438565475439,0.833438565475439,0.532558010296101,0.549739436050739,0.552809646925749,0.558475397915488,16.0,1997.0,2012.0,0.989611852612366,0.012677689533103,0.083677695318338,0.077742293370694,0.929068279301416
2.282902,50.567497,E3518510,78.88,78.93525668068024,0.0,2.477165354330709,5.362576064908722,5.349898580121704,5.387931034482759,5.387931034482759,5.362576064908722,5.349898580121704,5.387931034482759,5.387931034482759,0.721408590598585,0.725036993493199,0.730155271319401,0.73061642308394,16.0,1997.0,2012.0,0.97265714122747,0.027984081960037,0.107964715451848,0.071234427981691,0.659793600411225
0.032097,43.114113,Q0214010,77.99,78.00148138955905,0.0,3.250648976059994,0.769329401205283,1.11552763174766,1.436081548916528,1.500192332350301,0.769329401205283,0.769329401205283,1.089883318374151,1.153994101807924,0.755507579331706,0.755507579331706,0.756661401817399,0.756661401817399,16.0,1997.0,2012.0,0.999914442162902,0.051993542283245,0.134742596863003,0.084832306133071,0.629587885176834
-1.157359,43.811297,S4214010,76.5,76.53227492305683,0.0,0.464450600184672,1.908496732026144,2.627450980392157,2.640522875816993,2.679738562091503,1.908496732026144,2.627450980392157,2.640522875816993,2.679738562091503,1.246523004876417,1.256808952119125,1.31640786289585,1.462935571711554,16.0,1997.0,2012.0,0.996941307323751,0.045858075885602,0.137832528955161,0.091058164299567,0.660643500772706
3.436934,45.606383,K2644010,73.0,73.03381102770955,0.0,9.74166978659678,0.0,0.0,0.0,0.0,0.0,0.0,0.0,0.0,0.334903386934233,0.33623975813872,0.340281733339175,0.345550541120799,16.0,1997.0,2012.0,0.999992870180242,0.024148612725182,0.097629746660923,0.072731739904175,0.744975190710302
7.350085,47.604635,A1072010,70.93,70.94018221254206,0.0,6.887734718337994,3.270830396165233,3.862963485126181,4.666572677287466,4.666572677287466,3.270830396165233,3.862963485126181,4.666572677287466,4.666572677287466,1.830749018900266,1.850754431864315,1.870703459786188,1.8850590915242,16.0,1997.0,2012.0,0.9922641455624,0.030659615754395,0.105068750902354,0.076822085158567,0.731160174365961
5.022045,49.091796,H6053010,70.9,70.95884539454461,0.0,3.698799845141308,1.184767277856135,1.184767277856135,1.198871650211565,1.198871650211565,1.184767277856135,1.184767277856135,1.198871650211565,1.198871650211565,0.33249529306982,0.333944012897552,0.340398426137837,0.351176450692792,16.0,1997.0,2012.0,0.988128850102669,0.039175870856222,0.106314824549046,0.074695315337668,0.702586074416066
6.657499,49.181591,A9612010,58.41,58.40909581472067,0.0,4.531668153434434,23.42064714946071,23.540489642184557,23.934257832562917,23.934257832562917,20.715630885122412,22.307824002739256,22.701592193117616,22.701592193117616,8.585532713352416,8.832958888721455,8.897196389684028,8.918630928738718,16.0,1997.0,2012.0,0.955574093086927,0.02974468876492,0.093875306049321,0.074541069579911,0.794043422123967
1.997015,45.504915,P3322510,53.59,53.594080896433525,0.0,8.636599274235355,0.149281582384773,0.149281582384773,0.149281582384773,0.149281582384773,0.149281582384773,0.149281582384773,0.149281582384773,0.149281582384773,0.071393387566236,0.071393387566236,0.071393387566236,0.071393387566236,16.0,1997.0,2012.0,0.997269279032626,0.116778678244361,0.16443810377453,0.069193844063712,0.420789599795022
-3.209575,47.932996,J5704810,45.92,45.87112031930163,0.0,0.990719257540603,1.698606271777003,1.676829268292683,1.676829268292683,1.676829268292683,1.698606271777003,1.676829268292683,1.676829268292683,1.676829268292683,0.618722476564203,0.629695838710803,0.629695838710803,0.629701329845215,16.0,1997.0,2012.0,0.99079540269222,0.06466403245329,0.135258325505232,0.076346307138376,0.564448116861471
0.571395,47.982686,M0416010,44.86,44.80973222449501,0.0,1.912650602409639,2.518947837717343,2.518947837717343,2.674988854213107,2.674988854213107,2.518947837717343,2.518947837717343,2.674988854213107,2.674988854213107,0.830515585389367,0.83524654550648,0.856025779499585,0.857409374525784,16.0,1997.0,2012.0,0.999565080994752,0.023136235929442,0.081373551876288,0.080023536618754,0.983409647682677
-4.100225,48.578291,J3024010,44.68,44.7153411106691,0.0,0.780364765230889,3.760071620411817,3.715308863025963,5.393912264995524,5.550581915846016,3.760071620411817,3.715308863025963,5.393912264995524,5.550581915846016,2.624264271785606,2.635543600089666,2.793745639300857,2.805812476519312,16.0,1997.0,2012.0,0.997533082363678,0.056571354239265,0.123464474978421,0.074459872461784,0.603087429860819
-0.077589,48.147335,M0566220,21.9,21.85218032440662,0.0,1.819905213270142,0.639269406392694,0.273972602739726,0.273972602739726,0.273972602739726,0.273972602739726,0.273972602739726,0.273972602739726,0.273972602739726,0.349599150712011,0.349599150712011,0.349599150712011,0.349599150712011,16.0,1997.0,2012.0,0.993198151950719,0.027477257669052,0.09227016277815,0.078724955181953,0.853200557715024
-1.001806,45.200198,S1205110,19.88,19.898853075544267,0.0,0.329004994237418,0.150905432595573,0.150905432595573,0.150905432595573,0.503018108651911,0.150905432595573,0.150905432595573,0.150905432595573,0.503018108651911,0.041266331658291,0.041266331658291,0.041266331658291,0.199738693467337,16.0,1997.0,2012.0,0.946840063883185,0.010706842335148,0.094854296727628,0.089786389658909,0.946571667994883
