BV,seq_len,ti_train,tf_train,ti_test,tf_test,NSE_train,MAE_train,NSE_val,MAE_val,NSE_test,MAE_test,training_finished,epoch,loss_fonction,training_time,nom
A1072010,7,1997-01-07,2005-01-26,2008-03-30,2012-12-31,0.7582301,0.28057057,0.38163364,0.42526057,0.67186964,0.33948675,True,150,MAE,34.5773184299469,Loic
A1072010,7,1997-01-07,2005-01-26,2008-03-30,2012-12-31,0.7983886,0.29286808,0.32417196,0.43970308,0.6366966,0.37228873,True,112,NSE,20.178788423538208,Loic
A1072010,15,1997-01-15,2005-01-30,2008-04-01,2012-12-31,0.8317042,0.22053021,0.42315704,0.38070843,0.6830354,0.3096864,True,117,MAE,40.04515528678894,Loic
A1072010,15,1997-01-15,2005-01-30,2008-04-01,2012-12-31,0.8844744,0.22731587,0.4143529,0.39475212,0.66942275,0.34305364,True,121,NSE,44.14162516593933,Loic
A1072010,30,1997-01-30,2005-02-06,2008-04-06,2012-12-31,0.935773,0.12938663,0.45853305,0.3532232,0.6593206,0.34445718,True,254,MAE,149.99669075012207,Loic
A1072010,30,1997-01-30,2005-02-06,2008-04-06,2012-12-31,0.90019006,0.18729438,0.51461,0.34220287,0.70658845,0.2963667,True,120,NSE,72.13641285896301,Loic
A3301010,7,1997-01-07,2005-01-03,2008-03-16,2012-12-31,0.71242446,0.22397113,0.52938485,0.17795722,0.43140185,0.2307197,True,186,MAE,47.17974352836609,Loic
A3301010,7,1997-01-07,2005-01-03,2008-03-16,2012-12-31,0.7711087,0.2327798,0.4523983,0.20585433,0.45704722,0.24701007,True,144,NSE,37.33688020706177,Loic
A3301010,15,1997-01-15,2005-01-07,2008-03-18,2012-12-31,0.8434218,0.16559684,0.5183575,0.17414299,0.57781005,0.20497747,True,162,MAE,60.50488662719727,Loic
A3301010,15,1997-01-15,2005-01-07,2008-03-18,2012-12-31,0.824641,0.19173172,0.5677977,0.1698933,0.6280856,0.20011091,True,121,NSE,46.9068558216095,Loic
A3301010,30,1997-01-30,2005-01-14,2008-03-23,2012-12-31,0.9112149,0.1144675,0.5632997,0.16479777,0.6767881,0.1756198,True,163,MAE,97.30468106269836,Loic
A3301010,30,1997-01-30,2005-01-14,2008-03-23,2012-12-31,0.8865319,0.14687526,0.65422213,0.13932455,0.66189635,0.16956492,True,121,NSE,60.47973299026489,Loic
A7010610,7,1997-01-07,2005-01-03,2008-03-16,2012-12-31,0.81691563,0.46205762,0.63004667,0.52510256,0.6785576,0.43986237,True,191,MAE,32.06706476211548,Loic
A7010610,7,1997-01-07,2005-01-03,2008-03-16,2012-12-31,0.82727855,0.484014,0.6566001,0.5087564,0.68486154,0.4774751,True,186,NSE,38.16457486152649,Loic
A7010610,15,1997-01-15,2005-01-07,2008-03-18,2012-12-31,0.94297284,0.25803003,0.689595,0.4648821,0.7742845,0.35357764,True,225,MAE,86.11344385147095,Loic
A7010610,15,1997-01-15,2005-01-07,2008-03-18,2012-12-31,0.9318247,0.3000492,0.7147709,0.44969153,0.73967284,0.3926699,True,180,NSE,69.66255807876587,Loic
A7010610,30,1997-01-30,2005-01-14,2008-03-23,2012-12-31,0.9541877,0.21236393,0.8279589,0.31143484,0.8624375,0.28246748,True,176,MAE,99.07229804992676,Loic
A7010610,30,1997-01-30,2005-01-14,2008-03-23,2012-12-31,0.97032964,0.1997893,0.8322183,0.31860703,0.82601845,0.3137395,True,209,NSE,127.2072296142578,Loic
A9612010,7,1997-01-07,2004-08-25,2008-06-03,2012-12-31,0.49135876,0.2554241,-0.8124734,0.22705446,-0.9009346,0.26763952,True,99,MAE,25.180113077163696,Loic
A9612010,7,1997-01-07,2004-08-25,2008-06-03,2012-12-31,0.6722678,0.25256228,-2.8238692,0.28595826,-1.4914398,0.31437087,True,101,NSE,25.9163179397583,Loic
A9612010,15,1997-01-15,2004-08-29,2008-06-05,2012-12-31,0.60431826,0.22923693,-1.3081679,0.2511261,-1.1795325,0.28861877,True,100,MAE,36.08668851852417,Loic
A9612010,15,1997-01-15,2004-08-29,2008-06-05,2012-12-31,0.7800735,0.23093832,-1.693461,0.2646559,-1.300559,0.29582474,True,113,NSE,41.565879821777344,Loic
A9612010,30,1997-01-30,2004-09-05,2008-06-10,2012-12-31,0.63711244,0.18386753,-1.1760066,0.24422228,-1.3404949,0.2773047,True,100,MAE,57.191234827041626,Loic
A9612010,30,1997-01-30,2004-09-05,2008-06-10,2012-12-31,0.81434,0.20479792,-1.4320478,0.2478833,-1.8630493,0.30896688,True,112,NSE,59.293967485427856,Loic
B2130010,7,1997-01-07,2005-01-03,2008-03-16,2012-12-31,0.6751867,0.42857242,0.60179543,0.3969775,0.6705589,0.36004955,True,194,MAE,33.06845736503601,Loic
B2130010,7,1997-01-07,2005-01-03,2008-03-16,2012-12-31,0.7486322,0.43061435,0.6108357,0.4050434,0.59734833,0.40883154,True,191,NSE,33.09137487411499,Loic
B2130010,15,1997-01-15,2005-01-07,2008-03-19,2012-12-31,0.8555207,0.2645436,0.70854473,0.3385776,0.7183633,0.30783314,True,135,MAE,37.76576256752014,Loic
B2130010,15,1997-01-15,2005-01-07,2008-03-19,2012-12-31,0.8946593,0.27588853,0.7203858,0.32996678,0.67951,0.34874627,True,147,NSE,45.135876417160034,Loic
B2130010,30,1997-01-30,2005-01-15,2008-03-23,2012-12-31,0.90942883,0.1635331,0.7989195,0.26991305,0.8142063,0.23656394,True,164,MAE,99.96610355377196,Loic
B2130010,30,1997-01-30,2005-01-15,2008-03-23,2012-12-31,0.9626796,0.15738824,0.7918426,0.28618655,0.7981286,0.25355074,True,188,NSE,116.79038906097412,Loic
D0137020,7,1997-01-07,2005-02-17,2008-04-08,2012-12-31,0.8441131,0.41899997,0.6671165,0.5259377,0.59817517,0.53322077,True,210,MAE,54.22361731529236,Loic
D0137020,7,1997-01-07,2005-02-17,2008-04-08,2012-12-31,0.9018814,0.38863292,0.70099986,0.50581074,0.6370858,0.500388,True,339,NSE,89.38748097419739,Loic
D0137020,15,1997-01-15,2005-02-21,2008-04-11,2012-12-31,0.8741124,0.3718488,0.7307763,0.48676032,0.6322774,0.52455163,True,152,MAE,57.79326272010803,Loic
D0137020,15,1997-01-15,2005-02-21,2008-04-11,2012-12-31,0.90403223,0.3615773,0.7421987,0.47044414,0.6401192,0.48393133,True,215,NSE,83.18128228187561,Loic
D0137020,30,1997-01-30,2005-02-28,2008-04-15,2012-12-31,0.95338374,0.2285938,0.78939265,0.42468873,0.67069626,0.46047056,True,179,MAE,107.58776140213013,Loic
D0137020,30,1997-01-30,2005-02-28,2008-04-15,2012-12-31,0.95386255,0.269895,0.75678587,0.45300582,0.7004351,0.43825722,True,198,NSE,117.51009440422058,Loic
E6456510,7,1997-01-07,2004-10-21,2008-05-03,2012-12-31,0.018731654,0.21307859,-1.7890859,0.13572748,-1.1098359,0.13307361,True,125,MAE,32.49475049972534,Loic
E6456510,7,1997-01-07,2004-10-21,2008-05-03,2012-12-31,0.024748623,0.22763667,-6.8110414,0.2485047,-4.5674205,0.23027995,True,99,NSE,26.49532723426819,Loic
E6456510,15,1997-01-15,2004-10-25,2008-05-05,2012-12-31,0.4225307,0.15924586,-5.607966,0.19998085,-3.6263041,0.18446495,True,223,MAE,84.40574979782104,Loic
E6456510,15,1997-01-15,2004-10-25,2008-05-05,2012-12-31,0.18011022,0.20527697,-2.6641262,0.15743417,-2.0331006,0.15563203,True,100,NSE,38.96641993522644,Loic
E6456510,30,1997-01-30,2004-11-02,2008-05-10,2012-12-31,0.2797556,0.18078266,-2.1351817,0.12893122,-0.9572569,0.11540361,True,99,MAE,60.23630094528198,Loic
E6456510,30,1997-01-30,2004-11-02,2008-05-10,2012-12-31,0.30596137,0.19093058,-4.964831,0.20740524,-3.52316,0.19173096,True,100,NSE,61.30608248710632,Loic
H2322010,7,1997-01-07,2005-01-04,2008-03-17,2012-12-31,0.65905464,0.32403758,0.37725753,0.46369115,0.5689444,0.353934,True,165,MAE,43.7666699886322,Loic
H2322010,7,1997-01-07,2005-01-04,2008-03-17,2012-12-31,0.71527493,0.35644487,0.34806335,0.4749212,0.59312594,0.36776474,True,111,NSE,29.529619216918945,Loic
H2322010,15,1997-01-15,2005-01-08,2008-03-19,2012-12-31,0.90105927,0.17536901,0.5074625,0.36429074,0.6534941,0.29391176,True,182,MAE,69.97554659843445,Loic
H2322010,15,1997-01-15,2005-01-08,2008-03-19,2012-12-31,0.92493296,0.19443636,0.4781689,0.36111045,0.6342058,0.30294567,True,210,NSE,83.51907777786255,Loic
H2322010,30,1997-01-30,2005-01-16,2008-03-24,2012-12-31,0.90466756,0.1349839,0.6462897,0.3071788,0.7368131,0.23180784,True,179,MAE,94.2019453048706,Loic
H2322010,30,1997-01-30,2005-01-16,2008-03-24,2012-12-31,0.93367505,0.1571512,0.625746,0.3105408,0.7425069,0.24168001,True,153,NSE,97.62177228927612,Loic
H5083050,7,1997-01-07,2005-02-15,2008-04-11,2012-12-31,0.8202323,0.3417684,0.5899488,0.42818823,0.41147298,0.4120451,True,329,MAE,87.11571407318115,Loic
H5083050,7,1997-01-07,2005-02-15,2008-04-11,2012-12-31,0.8347234,0.37001142,0.55007386,0.45661834,0.29962426,0.46180755,True,264,NSE,70.28154277801514,Loic
H5083050,15,1997-01-15,2005-02-19,2008-04-14,2012-12-31,0.9059678,0.261849,0.75371855,0.31614563,0.4875484,0.36871073,True,160,MAE,65.35318493843079,Loic
H5083050,15,1997-01-15,2005-02-19,2008-04-14,2012-12-31,0.9153049,0.26710433,0.6882825,0.35381114,0.52302194,0.36375692,True,149,NSE,58.74578523635864,Loic
H5083050,30,1997-01-30,2005-02-27,2008-04-18,2012-12-31,0.9736829,0.13412863,0.8381857,0.25356862,0.7471773,0.27007127,True,189,MAE,123.89255928993224,Loic
H5083050,30,1997-01-30,2005-02-27,2008-04-18,2012-12-31,0.9734337,0.15071268,0.8631639,0.23151952,0.7481021,0.27777317,True,199,NSE,120.4728262424469,Loic
H6233020,7,1997-01-07,2005-01-03,2008-03-16,2012-12-31,0.7591275,0.5003763,0.7300335,0.42366764,0.43015993,0.49697012,True,187,MAE,44.57847785949707,Loic
H6233020,7,1997-01-07,2005-01-03,2008-03-16,2012-12-31,0.7588147,0.54879445,0.7549325,0.43716222,0.52960336,0.504073,True,143,NSE,38.17874383926392,Loic
H6233020,15,1997-01-15,2005-01-07,2008-03-18,2012-12-31,0.8865894,0.30655545,0.7869935,0.35936782,0.493864,0.46533108,True,176,MAE,68.3596761226654,Loic
H6233020,15,1997-01-15,2005-01-07,2008-03-18,2012-12-31,0.8612416,0.41552696,0.73275137,0.42651832,0.44541645,0.52432466,True,138,NSE,53.9343159198761,Loic
H6233020,30,1997-01-30,2005-01-14,2008-03-23,2012-12-31,0.88712204,0.27699044,0.8504735,0.28696632,0.6225014,0.4001382,True,150,MAE,91.551246881485,Loic
H6233020,30,1997-01-30,2005-01-14,2008-03-23,2012-12-31,0.93384916,0.29957876,0.83058316,0.359236,0.5084884,0.47687107,True,132,NSE,71.13274598121643,Loic
H7813010,7,1997-01-07,2004-04-26,2007-03-31,2011-08-16,0.28342032,0.119947985,-4.2662497,0.13045865,-5.5776324,0.14508675,True,99,MAE,15.737122535705566,Loic
H7813010,7,1997-01-07,2004-04-26,2007-03-31,2011-08-16,0.33877522,0.1271087,-6.350949,0.16551946,-7.8837852,0.17975883,True,99,NSE,16.28184938430786,Loic
H7813010,15,1997-01-15,2004-04-30,2007-04-03,2011-08-16,0.38990134,0.11037273,-5.9499445,0.14161149,-6.9342265,0.15364581,True,117,MAE,31.870685338974,Loic
H7813010,15,1997-01-15,2004-04-30,2007-04-03,2011-08-16,0.45155716,0.119239,-7.1894636,0.17219111,-8.919459,0.18878527,True,99,NSE,28.17748785018921,Loic
H7813010,30,1997-01-30,2004-05-07,2007-04-07,2011-08-16,0.68461967,0.08271952,-7.4683714,0.16021392,-6.637202,0.15737554,True,100,MAE,47.2125039100647,Loic
H7813010,30,1997-01-30,2004-05-07,2007-04-07,2011-08-16,0.6328627,0.095832825,-10.666719,0.18901789,-9.201993,0.18621168,True,100,NSE,47.63342142105103,Loic
I0113010,7,1997-01-07,2005-01-25,2008-03-26,2012-12-31,0.59025884,0.23672885,0.22192705,0.18890406,-0.62186766,0.19080709,True,205,MAE,35.70759630203247,Loic
I0113010,7,1997-01-07,2005-01-25,2008-03-26,2012-12-31,0.5785074,0.25781107,0.16691077,0.19630297,-0.99517,0.20788118,True,127,NSE,22.159851551055908,Loic
I0113010,15,1997-02-14,2005-01-29,2008-03-29,2012-12-31,0.7932067,0.18177772,0.12235373,0.1956489,-0.8087958,0.19799805,True,154,MAE,45.08989357948303,Loic
I0113010,15,1997-02-14,2005-01-29,2008-03-29,2012-12-31,0.8430447,0.1837498,0.017163217,0.22950108,-1.3265715,0.23229045,True,182,NSE,54.84921717643738,Loic
I0113010,30,1997-02-14,2005-01-29,2008-03-29,2012-12-31,0.8211577,0.16085394,-0.01165545,0.22236352,-0.728091,0.21060102,True,134,MAE,72.8576033115387,Loic
I0113010,30,1997-02-14,2005-01-29,2008-03-29,2012-12-31,0.8801353,0.15501368,-0.0048134327,0.216047,-0.42029083,0.2052657,True,147,NSE,84.27926921844482,Loic
I7222020,7,1997-01-07,2004-09-08,2008-07-06,2012-12-31,0.80599254,0.57794887,0.4293204,0.62712824,0.74582404,0.5804778,True,132,MAE,27.26254153251648,Loic
I7222020,7,1997-01-07,2004-09-08,2008-07-06,2012-12-31,0.9003394,0.4811049,0.43773115,0.63984805,0.679574,0.6621441,True,379,NSE,93.05171513557434,Loic
I7222020,15,1997-01-15,2004-09-12,2008-07-08,2012-12-31,0.9190314,0.35481107,0.6617459,0.45849773,0.84626216,0.4562525,True,142,MAE,50.93683624267578,Loic
I7222020,15,1997-01-15,2004-09-12,2008-07-08,2012-12-31,0.9313239,0.38559437,0.712435,0.45042288,0.82673126,0.4925048,True,163,NSE,59.260204553604126,Loic
I7222020,30,1997-01-30,2004-09-20,2008-07-12,2012-12-31,0.97119904,0.22218308,0.7367469,0.39746752,0.85358685,0.40778896,True,146,MAE,83.07071375846863,Loic
I7222020,30,1997-01-30,2004-09-20,2008-07-12,2012-12-31,0.97142065,0.24607047,0.73147464,0.40986305,0.8567015,0.41958243,True,139,NSE,84.4599220752716,Loic
J5704810,7,1997-01-07,2005-01-29,2008-04-01,2012-12-31,0.6167724,0.78141135,0.25728178,0.8149494,0.39672583,0.7126774,True,106,MAE,28.520623922348022,Loic
J5704810,7,1997-01-07,2005-01-29,2008-04-01,2012-12-31,0.64285886,0.798005,0.3597861,0.8201257,0.37998974,0.72267467,True,145,NSE,38.6531503200531,Loic
J5704810,15,1997-01-15,2005-02-02,2008-04-04,2012-12-31,0.8769666,0.4171652,0.54000425,0.65095544,0.555345,0.6366063,True,183,MAE,71.00627541542053,Loic
J5704810,15,1997-01-15,2005-02-02,2008-04-04,2012-12-31,0.8999087,0.44404134,0.48466527,0.71268165,0.48347783,0.6834752,True,225,NSE,90.38759303092957,Loic
J5704810,30,1997-01-30,2005-02-10,2008-04-08,2012-12-31,0.94869244,0.2608195,0.7644081,0.45668143,0.6449262,0.52472407,True,214,MAE,135.52173709869385,Loic
J5704810,30,1997-01-30,2005-02-10,2008-04-08,2012-12-31,0.96866035,0.23177008,0.809908,0.45113906,0.74726105,0.46833363,True,267,NSE,140.73948311805725,Loic
K1284810,7,1997-01-07,2005-01-03,2008-03-16,2012-12-31,0.7662007,0.71998173,0.60685515,0.8479776,0.6052457,0.8015831,True,217,MAE,39.00197696685791,Loic
K1284810,7,1997-01-07,2005-01-03,2008-03-16,2012-12-31,0.8048212,0.7075515,0.6425315,0.8312304,0.6417494,0.7944523,True,195,NSE,40.81622815132141,Loic
K1284810,15,1997-01-15,2005-01-07,2008-03-19,2012-12-31,0.9061637,0.43909907,0.7033022,0.64684665,0.80362535,0.57326216,True,198,MAE,78.93909811973572,Loic
K1284810,15,1997-01-15,2005-01-07,2008-03-19,2012-12-31,0.9137115,0.47987205,0.68103963,0.6418121,0.7791919,0.6032483,True,151,NSE,52.94173860549927,Loic
K1284810,30,1997-01-30,2005-01-15,2008-03-23,2012-12-31,0.944394,0.29589057,0.8082067,0.52463686,0.81705326,0.51624006,True,153,MAE,91.62653064727785,Loic
K1284810,30,1997-01-30,2005-01-15,2008-03-23,2012-12-31,0.96297556,0.29059574,0.82432127,0.49866638,0.8221963,0.5231973,True,161,NSE,100.86226677894592,Loic
K1764020,7,1997-01-07,2005-01-04,2008-03-17,2012-12-31,0.87864447,0.29553887,0.66423213,0.4254599,0.6992969,0.4177189,True,240,MAE,63.03938007354736,Loic
K1764020,7,1997-01-07,2005-01-04,2008-03-17,2012-12-31,0.8930668,0.313429,0.6488205,0.43231872,0.6815121,0.43540388,True,230,NSE,60.38952851295471,Loic
K1764020,15,1997-01-15,2005-01-08,2008-03-19,2012-12-31,0.9280954,0.22944258,0.76031566,0.35152614,0.8019687,0.3429394,True,139,MAE,53.76989269256592,Loic
K1764020,15,1997-01-15,2005-01-08,2008-03-19,2012-12-31,0.93661183,0.23494527,0.7057928,0.3823377,0.81409746,0.32657328,True,146,NSE,54.75628757476807,Loic
K1764020,30,1997-01-30,2005-01-15,2008-03-24,2012-12-31,0.9445444,0.19228926,0.76889324,0.31964782,0.8764381,0.2619348,True,141,MAE,86.35873460769653,Loic
K1764020,30,1997-01-30,2005-01-15,2008-03-24,2012-12-31,0.96079624,0.1926535,0.7766203,0.33178523,0.8721238,0.26544592,True,211,NSE,129.94572687149048,Loic
K4013010,7,1997-01-07,2004-12-28,2008-04-03,2012-12-31,0.79921556,0.21981828,-0.08683729,0.29368377,-0.87546754,0.3242291,True,132,MAE,34.694496393203735,Loic
K4013010,7,1997-01-07,2004-12-28,2008-04-03,2012-12-31,0.79280114,0.23835114,0.003817916,0.30030793,-1.2984617,0.33537924,True,129,NSE,34.07649064064026,Loic
K4013010,15,1997-01-15,2005-01-01,2008-04-05,2012-12-31,0.8693736,0.1459481,0.5569581,0.22169441,0.13480502,0.23986313,True,137,MAE,52.05596160888672,Loic
K4013010,15,1997-01-15,2005-01-01,2008-04-05,2012-12-31,0.8849913,0.1872105,0.39981967,0.25733227,-0.11557305,0.27235502,True,123,NSE,49.37163209915161,Loic
K4013010,30,1997-01-30,2005-01-09,2008-04-10,2012-12-31,0.9170799,0.107620716,0.69800955,0.1851379,0.3244446,0.21059044,True,163,MAE,102.74384069442748,Loic
K4013010,30,1997-01-30,2005-01-09,2008-04-10,2012-12-31,0.946035,0.12906003,0.7160246,0.17547795,0.48407358,0.19522668,True,195,NSE,119.08823084831238,Loic
L0914020,7,1997-01-07,2005-02-03,2008-03-28,2012-12-31,0.67368937,0.45937297,0.42828864,0.54343134,0.25653833,0.48629066,True,120,MAE,28.46770930290222,Loic
L0914020,7,1997-01-07,2005-02-03,2008-03-28,2012-12-31,0.71982956,0.48335156,0.43756628,0.56591296,0.23804802,0.52096283,True,148,NSE,33.95691752433777,Loic
L0914020,15,1997-01-15,2005-02-07,2008-03-30,2012-12-31,0.87684983,0.27981228,0.4586985,0.48936006,0.48023498,0.43191323,True,135,MAE,52.21370792388916,Loic
L0914020,15,1997-01-15,2005-02-07,2008-03-30,2012-12-31,0.86279523,0.3463832,0.5109619,0.47578043,0.5913482,0.4043792,True,123,NSE,47.914695262908936,Loic
L0914020,30,1997-01-30,2005-02-15,2008-04-04,2012-12-31,0.90009075,0.20069838,0.6287775,0.4038709,0.62601805,0.3314841,True,132,MAE,77.74447464942932,Loic
L0914020,30,1997-01-30,2005-02-15,2008-04-04,2012-12-31,0.94651884,0.20282373,0.6927748,0.36913306,0.59533906,0.34495,True,172,NSE,88.63523364067078,Loic
M0424810,7,1997-01-07,2005-01-03,2008-03-16,2012-12-31,0.5677052,0.14056908,-0.900661,0.15819049,-1.060224,0.17821811,True,99,MAE,18.05992674827576,Loic
M0424810,7,1997-01-07,2005-01-03,2008-03-16,2012-12-31,0.5995595,0.13947664,-1.6028588,0.18170463,-1.8576365,0.20337896,True,99,NSE,17.673665523529053,Loic
M0424810,15,1997-01-15,2005-01-07,2008-03-19,2012-12-31,0.70416737,0.12156465,-0.8366176,0.15075585,-1.2490606,0.16957255,True,99,MAE,30.329652309417725,Loic
M0424810,15,1997-01-15,2005-01-07,2008-03-19,2012-12-31,0.7204968,0.121966004,-1.3562634,0.18096037,-1.7193367,0.20063296,True,100,NSE,28.552675247192383,Loic
M0424810,30,1997-01-30,2005-01-15,2008-03-23,2012-12-31,0.8617104,0.078636974,-1.6623778,0.16763939,-1.7845783,0.1792535,True,128,MAE,64.48616552352905,Loic
M0424810,30,1997-01-30,2005-01-15,2008-03-23,2012-12-31,0.85248953,0.090811536,-2.4088695,0.19773631,-2.5752618,0.21628593,True,131,NSE,75.30204701423645,Loic
M3014010,7,1997-01-07,2005-01-04,2008-03-17,2012-12-31,0.81168085,0.38415012,0.66089845,0.44825318,0.6419967,0.4227488,True,202,MAE,56.27124238014221,Loic
M3014010,7,1997-01-07,2005-01-04,2008-03-17,2012-12-31,0.8447982,0.39017764,0.6507858,0.47226816,0.6293613,0.44412345,True,193,NSE,54.09715938568115,Loic
M3014010,15,1997-01-15,2005-01-08,2008-03-19,2012-12-31,0.89562356,0.26328593,0.66526127,0.41592038,0.718758,0.36508256,True,136,MAE,55.96848917007446,Loic
M3014010,15,1997-01-15,2005-01-08,2008-03-19,2012-12-31,0.89750576,0.29455006,0.6964538,0.40041482,0.7252676,0.35910466,True,129,NSE,53.91611647605896,Loic
M3014010,30,1997-01-30,2005-01-15,2008-03-24,2012-12-31,0.9492903,0.17992006,0.76929724,0.33796683,0.7737851,0.28976375,True,187,MAE,122.32943606376648,Loic
M3014010,30,1997-01-30,2005-01-15,2008-03-24,2012-12-31,0.95518667,0.19604273,0.7710959,0.34037617,0.80230606,0.2984755,True,185,NSE,114.4243893623352,Loic
O0794010,7,1997-01-07,2004-10-01,2007-12-10,2012-12-31,0.7308186,0.31208077,0.3535263,0.4089376,0.56745553,0.35892653,True,145,MAE,24.91992235183716,Loic
O0794010,7,1997-01-07,2004-10-01,2007-12-10,2012-12-31,,,,,,,True,98,NSE,16.4062397480011,Loic
O0794010,15,1997-01-15,2004-10-05,2007-12-13,2012-12-31,0.7821411,0.21560208,0.5382383,0.3542098,0.65982854,0.30590394,True,138,MAE,37.07482600212097,Loic
O0794010,15,1997-01-15,2004-10-05,2007-12-13,2012-12-31,0.89707476,0.22485979,0.47047567,0.374253,0.6495351,0.3283517,True,166,NSE,45.170525789260864,Loic
O0794010,30,1997-01-30,2004-10-12,2007-12-17,2012-12-31,0.8810097,0.15250047,0.71679693,0.26733923,0.7580741,0.23556536,True,191,MAE,110.82722902297974,Loic
O0794010,30,1997-01-30,2004-10-12,2007-12-17,2012-12-31,0.9461214,0.15738891,0.5515237,0.3307853,0.7273179,0.25024313,True,186,NSE,111.18975496292114,Loic
O7944020,7,1997-01-07,2004-12-29,2008-03-20,2012-12-31,0.6243911,0.4823176,-0.18916929,0.4747005,0.07917774,0.49215174,True,118,MAE,21.56839084625244,Loic
O7944020,7,1997-01-07,2004-12-29,2008-03-20,2012-12-31,0.69103897,0.52854353,-0.25536656,0.47268572,0.021636963,0.49695185,True,110,NSE,21.01439905166626,Loic
O7944020,15,1997-01-15,2005-01-02,2008-03-22,2012-12-31,0.74087554,0.32286897,0.19303,0.39213076,0.14923668,0.46500066,True,119,MAE,44.78048896789551,Loic
O7944020,15,1997-01-15,2005-01-02,2008-03-22,2012-12-31,0.7718076,0.3970636,0.19527733,0.38279098,-0.039280534,0.48847508,True,116,NSE,46.57662320137024,Loic
O7944020,30,1997-01-30,2005-01-09,2008-03-27,2012-12-31,0.7428256,0.24777693,0.5024551,0.28245294,0.5418766,0.3164431,True,135,MAE,84.29890537261963,Loic
O7944020,30,1997-01-30,2005-01-09,2008-03-27,2012-12-31,0.8087634,0.29758272,0.26149434,0.32148612,0.4076807,0.38350445,True,113,NSE,72.14071083068848,Loic
P3322510,7,1997-01-07,2004-12-25,2008-03-04,2012-12-31,0.7779698,1.0457743,0.7121655,1.1443713,0.67816234,1.2569419,True,146,MAE,35.33007574081421,Loic
P3322510,7,1997-01-07,2004-12-25,2008-03-04,2012-12-31,0.8366158,0.9906834,0.73936915,1.1816717,0.6490223,1.351772,True,255,NSE,47.340744495391846,Loic
P3322510,15,1997-01-15,2004-12-29,2008-03-07,2012-12-31,0.8439205,0.8291112,0.831126,0.8123334,0.8354714,0.8781679,True,166,MAE,49.91290736198425,Loic
P3322510,15,1997-01-15,2004-12-29,2008-03-07,2012-12-31,0.9130736,0.6906515,0.73480654,1.0770154,0.7930176,1.0650356,True,156,NSE,46.039649963378906,Loic
P3322510,30,1997-01-30,2005-01-05,2008-03-11,2012-12-31,0.93161833,0.44246385,0.8128553,0.9068847,0.7877812,0.9736413,True,148,MAE,77.96960878372192,Loic
P3322510,30,1997-01-30,2005-01-05,2008-03-11,2012-12-31,0.9646788,0.40718856,0.85570204,0.7918247,0.8545829,0.8010655,True,221,NSE,119.08891582489014,Loic
Q0522520,7,1997-01-07,2005-01-03,2008-03-16,2012-12-31,0.8374927,0.40844956,0.54812634,0.54621553,0.6707598,0.56890666,True,265,MAE,50.20182037353516,Loic
Q0522520,7,1997-01-07,2005-01-03,2008-03-16,2012-12-31,0.84448594,0.45433253,0.52606267,0.5690555,0.64709127,0.59183276,True,192,NSE,37.58875560760498,Loic
Q0522520,15,1997-01-15,2005-01-07,2008-03-18,2012-12-31,0.8914978,0.25468028,0.61817545,0.48293102,0.7064819,0.4990003,True,256,MAE,77.49003195762634,Loic
Q0522520,15,1997-01-15,2005-01-07,2008-03-18,2012-12-31,0.92253,0.323018,0.6930489,0.46336475,0.7432995,0.48317736,True,231,NSE,69.56701111793518,Loic
Q0522520,30,1997-01-30,2005-01-14,2008-03-23,2012-12-31,0.94221836,0.14489667,0.7520709,0.38697702,0.7442448,0.44677246,True,335,MAE,190.59442329406733,Loic
Q0522520,30,1997-01-30,2005-01-14,2008-03-23,2012-12-31,0.9502317,0.24303384,0.7115587,0.41489112,0.7512913,0.4361812,True,267,NSE,163.6664173603058,Loic
S4214010,7,1997-01-07,2005-01-11,2008-03-22,2012-12-31,0.35119277,0.2675296,-0.5904759,0.16617036,0.19075996,0.23370057,True,127,MAE,33.71916198730469,Loic
S4214010,7,1997-01-07,2005-01-11,2008-03-22,2012-12-31,0.47003448,0.2804289,-3.6498485,0.29196873,-0.015370607,0.26567975,True,120,NSE,31.60876965522766,Loic
S4214010,15,1997-01-15,2005-01-15,2008-03-25,2012-12-31,0.5735102,0.21809904,-1.907902,0.18557964,0.1108613,0.23106442,True,100,MAE,31.30290269851685,Loic
S4214010,15,1997-01-15,2005-01-15,2008-03-25,2012-12-31,0.66345936,0.21745342,-2.071747,0.23344332,-0.1020602,0.25946966,True,100,NSE,29.259758472442627,Loic
S4214010,30,1997-01-30,2005-01-23,2008-03-29,2012-12-31,0.78521955,0.15747726,-2.81275,0.21635476,-0.13928783,0.2460046,True,101,MAE,58.75233292579651,Loic
S4214010,30,1997-01-30,2005-01-23,2008-03-29,2012-12-31,0.8535254,0.14711452,-1.3222771,0.18917833,-0.2927636,0.2550436,True,100,NSE,60.70664644241333,Loic
U0704010,7,1997-01-10,2005-01-06,2008-03-18,2012-12-31,0.7947156,0.27757806,0.5588795,0.37538087,0.6304985,0.38301808,True,233,MAE,47.51474976539612,Loic
U0704010,7,1997-01-10,2005-01-06,2008-03-18,2012-12-31,0.82832515,0.30646756,0.6082889,0.37302193,0.68648636,0.36621508,True,165,NSE,30.715765476226807,Loic
U0704010,15,1997-01-15,2005-01-08,2008-03-19,2012-12-31,0.9087082,0.1769244,0.61393124,0.3512605,0.6593954,0.3615162,True,210,MAE,64.7105712890625,Loic
U0704010,15,1997-01-15,2005-01-08,2008-03-19,2012-12-31,0.9401724,0.19585837,0.6520854,0.3233866,0.7200599,0.32386118,True,210,NSE,58.35719442367554,Loic
U0704010,30,1997-01-30,2005-01-16,2008-03-24,2012-12-31,0.9207397,0.13751772,0.69101095,0.30691865,0.775243,0.289627,True,219,MAE,104.84800338745116,Loic
U0704010,30,1997-01-30,2005-01-16,2008-03-24,2012-12-31,0.95045424,0.16837157,0.70689356,0.30268008,0.74641013,0.28174287,True,215,NSE,106.89470720291138,Loic
U3404030,7,1997-01-07,2005-01-08,2008-03-19,2012-12-31,0.8936169,0.43808845,0.6740397,0.68749154,0.68902576,0.57689875,True,246,MAE,42.23786807060242,Loic
U3404030,7,1997-01-07,2005-01-08,2008-03-19,2012-12-31,0.89341855,0.48421198,0.6862434,0.6779625,0.69932824,0.5798848,True,183,NSE,31.216681241989136,Loic
U3404030,15,1997-01-15,2005-01-12,2008-03-21,2012-12-31,0.9151934,0.36016098,0.78057444,0.55332637,0.7487985,0.4939674,True,162,MAE,48.6913743019104,Loic
U3404030,15,1997-01-15,2005-01-12,2008-03-21,2012-12-31,0.9540144,0.33021033,0.7978165,0.5695195,0.7295945,0.5272457,True,287,NSE,88.27733659744263,Loic
U3404030,30,1997-01-30,2005-01-19,2008-03-26,2012-12-31,0.9577224,0.22486837,0.770752,0.5593944,0.77895606,0.4578521,True,230,MAE,119.16233372688292,Loic
U3404030,30,1997-01-30,2005-01-19,2008-03-26,2012-12-31,0.9631838,0.27513045,0.8085742,0.49885863,0.7653924,0.47813067,True,233,NSE,140.0620255470276,Loic
V5064010,7,1997-01-07,2004-12-23,2008-03-22,2012-12-31,0.8227529,0.888005,0.47425544,0.85004956,0.76687956,1.1062671,True,139,MAE,36.25087237358093,Loic
V5064010,7,1997-01-07,2004-12-23,2008-03-22,2012-12-31,0.8388375,0.936117,0.44235688,0.94569856,0.7927329,1.1021956,True,130,NSE,34.674073696136475,Loic
V5064010,15,1997-01-15,2004-12-27,2008-03-24,2012-12-31,0.86276996,0.64030117,0.6190112,0.7168406,0.8298621,0.8870038,True,154,MAE,59.10616731643677,Loic
V5064010,15,1997-01-15,2004-12-27,2008-03-24,2012-12-31,0.9055066,0.6970409,0.6386534,0.75323004,0.8533741,0.9426669,True,174,NSE,66.69898462295532,Loic
V5064010,30,1997-01-30,2005-01-03,2008-03-29,2012-12-31,0.9025474,0.4247339,0.75210845,0.56143,0.87185097,0.7465347,True,222,MAE,113.66935443878174,Loic
V5064010,30,1997-01-30,2005-01-03,2008-03-29,2012-12-31,0.9400822,0.48602426,0.7101066,0.5614122,0.8864194,0.7598213,True,252,NSE,122.6497311592102,Loic
Y5312010,7,1997-01-07,2004-12-05,2008-03-31,2012-12-31,0.6167709,0.2479287,-0.5761291,0.24843211,0.4025669,0.4336985,True,119,MAE,20.179768085479736,Loic
Y5312010,7,1997-01-07,2004-12-05,2008-03-31,2012-12-31,0.6493514,0.27826717,-0.8663657,0.33348182,0.46306098,0.42557988,True,118,NSE,20.505103588104248,Loic
Y5312010,15,1997-01-15,2004-12-09,2008-04-03,2012-12-31,0.75235987,0.18144949,-0.5590482,0.2556758,0.4251793,0.41911024,True,128,MAE,40.585362911224365,Loic
Y5312010,15,1997-01-15,2004-12-09,2008-04-03,2012-12-31,0.75523925,0.23346,-0.8638097,0.33988753,0.49013883,0.40078592,True,124,NSE,48.01375102996826,Loic
Y5312010,30,1997-01-30,2004-12-16,2008-04-07,2012-12-31,0.8214549,0.12485019,-0.24947119,0.24700843,0.4572729,0.392231,True,113,MAE,70.70878601074219,Loic
Y5312010,30,1997-01-30,2004-12-16,2008-04-07,2012-12-31,0.84375143,0.16362427,-0.118217945,0.2647082,0.54025567,0.36026332,True,128,NSE,79.3765504360199,Loic
A1072010,90,1997-03-31,2005-03-08,2008-04-24,2012-12-31,0.9558075,0.07666377,0.605797,0.30066052,0.6900835,0.2953874,True,312,MAE,467.1188280582428,Loic
A1072010,90,1997-03-31,2005-03-08,2008-04-24,2012-12-31,0.9447506,0.1487042,0.5792783,0.30294064,0.76587784,0.258953,True,248,NSE,357.9285523891449,Loic
A3301010,90,1997-03-31,2005-02-13,2008-04-10,2012-12-31,0.9339452,0.08449148,0.7305968,0.11535859,0.7503719,0.13174634,True,194,MAE,283.68477272987366,Loic
A3301010,90,1997-03-31,2005-02-13,2008-04-10,2012-12-31,0.9731839,0.0685351,0.77831626,0.10950617,0.76721543,0.13322346,True,434,NSE,658.1593451499939,Loic
A7010610,90,1997-03-31,2005-02-13,2008-04-10,2012-12-31,0.96894985,0.15980735,0.88429415,0.26301408,0.88245845,0.24606507,True,181,MAE,313.2448682785034,Loic
A7010610,90,1997-03-31,2005-02-13,2008-04-10,2012-12-31,0.97484136,0.16254078,0.8647027,0.27477357,0.9065428,0.22387059,True,206,NSE,355.2688751220703,Loic
A9612010,90,1997-03-31,2004-10-05,2008-06-28,2012-12-31,0.875162,0.124806315,-2.0317285,0.2786447,-0.50844276,0.25752172,True,192,MAE,313.1065936088562,Loic
A9612010,90,1997-03-31,2004-10-05,2008-06-28,2012-12-31,0.8025701,0.17869121,-1.0850639,0.22551909,-0.7944133,0.28056452,True,100,NSE,160.99698162078855,Loic
B2130010,90,1997-03-31,2005-02-14,2008-04-10,2012-12-31,0.9224631,0.14782557,0.8004365,0.27907437,0.84407264,0.2240613,True,140,MAE,222.8876121044159,Loic
B2130010,90,1997-03-31,2005-02-14,2008-04-10,2012-12-31,0.9648612,0.13888577,0.8236855,0.2643245,0.8657299,0.19669652,True,192,NSE,279.15508103370667,Loic
D0137020,90,1997-03-31,2005-03-30,2008-05-03,2012-12-31,0.9504661,0.22791797,0.72460544,0.4506533,0.83282864,0.344195,True,204,MAE,331.35696625709534,Loic
D0137020,90,1997-03-31,2005-03-30,2008-05-03,2012-12-31,0.81906825,0.40290356,0.58000875,0.53547186,0.6952822,0.46470225,True,290,NSE,407.94789004325867,Loic
E6456510,90,1997-03-31,2004-12-02,2008-05-28,2012-12-31,-0.19390714,0.24164599,-1.7403121,0.122157894,-1.0333233,0.11514881,True,100,MAE,136.93208169937134,Loic
E6456510,90,1997-03-31,2004-12-02,2008-05-28,2012-12-31,0.59765434,0.14633806,-4.9673767,0.17234117,-1.636338,0.12753129,True,99,NSE,134.85546398162842,Loic
H2322010,90,1997-03-31,2005-02-15,2008-04-11,2012-12-31,0.90958023,0.10528541,0.7236092,0.22011879,0.8231827,0.16650079,True,146,MAE,222.6469166278839,Loic
H2322010,90,1997-03-31,2005-02-15,2008-04-11,2012-12-31,0.9312905,0.1447156,0.6884101,0.24101369,0.84176445,0.15591551,True,140,NSE,216.96318411827087,Loic
H5083050,90,1997-03-31,2005-03-29,2008-05-06,2012-12-31,0.96725917,0.13462314,0.91133887,0.17195861,0.86998796,0.1935805,True,197,MAE,271.5997760295868,Loic
H5083050,90,1997-03-31,2005-03-29,2008-05-06,2012-12-31,0.96933347,0.14645492,0.82150245,0.24238235,0.7672802,0.24808444,True,192,NSE,249.42965245246887,Loic
H6233020,90,1997-03-31,2005-02-13,2008-04-10,2012-12-31,0.90743005,0.2438227,0.78963256,0.29687127,0.79502743,0.26073712,True,154,MAE,195.5065968036652,Loic
H6233020,90,1997-03-31,2005-02-13,2008-04-10,2012-12-31,0.95153356,0.21682712,0.8589915,0.2680265,0.7861564,0.26268482,True,175,NSE,224.2851047515869,Loic
H7813010,90,1997-03-31,2004-06-06,2007-04-25,2011-08-16,0.8597233,0.052162427,-13.894217,0.18250032,-8.675949,0.15254013,True,99,MAE,118.70203924179076,Loic
H7813010,90,1997-03-31,2004-06-06,2007-04-25,2011-08-16,0.89347214,0.049590755,-16.742638,0.21572831,-10.629034,0.1793063,True,116,NSE,137.2885091304779,Loic
I0113010,90,1997-03-31,2005-02-21,2008-04-11,2012-12-31,0.8963795,0.08256313,0.5305301,0.17236142,-0.17239296,0.18031359,True,172,MAE,223.3446729183197,Loic
I0113010,90,1997-03-31,2005-02-21,2008-04-11,2012-12-31,0.86848164,0.14411585,0.5872074,0.15444236,0.080488265,0.1575769,True,220,NSE,283.51441717147827,Loic
I7222020,90,1997-03-31,2004-10-20,2008-07-30,2012-12-31,0.98134226,0.16799408,0.8843598,0.29243383,0.92386943,0.28307483,True,154,MAE,183.06132197380063,Loic
I7222020,90,1997-03-31,2004-10-20,2008-07-30,2012-12-31,0.98164046,0.18823549,0.86233205,0.3127715,0.92536616,0.29734954,True,166,NSE,198.4226849079132,Loic
J5704810,90,1997-03-31,2005-03-12,2008-04-26,2012-12-31,0.9707624,0.154611,0.9078647,0.3076935,0.87937146,0.29076287,True,186,MAE,239.22662568092343,Loic
J5704810,90,1997-03-31,2005-03-12,2008-04-26,2012-12-31,0.97745675,0.17567551,0.8928372,0.2910147,0.8436629,0.32454798,True,269,NSE,347.0514507293701,Loic
K1284810,90,1997-03-31,2005-02-14,2008-04-10,2012-12-31,0.96354955,0.20448318,0.9040057,0.3507535,0.9011333,0.33288178,True,283,MAE,365.35465693473816,Loic
K1284810,90,1997-03-31,2005-02-14,2008-04-10,2012-12-31,0.9728838,0.2394942,0.89607686,0.35534853,0.9254719,0.29991215,True,230,NSE,297.3478088378906,Loic
K1764020,90,1997-03-31,2005-02-14,2008-04-11,2012-12-31,0.9094698,0.23309557,0.77402097,0.3120821,0.8120544,0.28767464,True,161,MAE,226.0313801765442,Loic
K1764020,90,1997-03-31,2005-02-14,2008-04-11,2012-12-31,0.95743406,0.18478598,0.8634112,0.25351372,0.8649713,0.25235713,True,218,NSE,310.1204311847687,Loic
K4013010,90,1997-03-31,2005-02-08,2008-04-28,2012-12-31,0.91402125,0.096383,0.8362221,0.13507198,0.8495953,0.10974625,True,165,MAE,219.26305770874023,Loic
K4013010,90,1997-03-31,2005-02-08,2008-04-28,2012-12-31,0.95478916,0.105815284,0.7906354,0.14555563,0.6754346,0.13230088,True,336,NSE,445.130633354187,Loic
L0914020,90,1997-03-31,2005-03-17,2008-04-22,2012-12-31,0.96545416,0.11524966,0.80306315,0.2895633,0.7565571,0.25464627,True,284,MAE,380.2503912448883,Loic
L0914020,90,1997-03-31,2005-03-17,2008-04-22,2012-12-31,0.944775,0.175538,0.82651174,0.26420614,0.72852266,0.27496544,True,459,NSE,622.1568841934204,Loic
M0424810,90,1997-03-31,2005-02-14,2008-04-10,2012-12-31,0.9156856,0.055500004,-1.0391226,0.15632321,-0.5300871,0.14201193,True,129,MAE,178.82515811920166,Loic
M0424810,90,1997-03-31,2005-02-14,2008-04-10,2012-12-31,0.9155115,0.063207135,-0.886695,0.16312583,-0.8870034,0.16710924,True,138,NSE,190.5994231700897,Loic
M3014010,90,1997-03-31,2005-02-14,2008-04-11,2012-12-31,0.9510035,0.13709979,0.8187629,0.25569302,0.8357816,0.2292868,True,166,MAE,306.7077112197876,Loic
M3014010,90,1997-03-31,2005-02-14,2008-04-11,2012-12-31,0.95155,0.17438276,0.8536827,0.24173406,0.8571907,0.21596718,True,270,NSE,412.94878005981445,Loic
O0794010,90,1997-03-31,2004-11-11,2008-01-14,2012-12-31,0.89137214,0.10448845,0.79903495,0.18111391,0.76150405,0.20649597,True,184,MAE,240.76129937171936,Loic
O0794010,90,1997-03-31,2004-11-11,2008-01-14,2012-12-31,0.9490117,0.13533789,0.75525856,0.23182918,0.77357894,0.22398438,True,208,NSE,268.1985983848572,Loic
O7944020,90,1997-03-31,2005-02-08,2008-04-14,2012-12-31,0.7438498,0.20166649,0.6687386,0.24536707,0.6829876,0.23234399,True,140,MAE,187.1667556762696,Loic
O7944020,90,1997-03-31,2005-02-08,2008-04-14,2012-12-31,0.7792332,0.29715186,0.5665665,0.24654365,0.4987892,0.28330702,True,125,NSE,165.6693239212036,Loic
P3322510,90,1997-03-31,2005-02-04,2008-03-29,2012-12-31,0.9566097,0.308681,0.8574202,0.820299,0.83124435,0.8131348,True,183,MAE,242.45395874977112,Loic
P3322510,90,1997-03-31,2005-02-04,2008-03-29,2012-12-31,0.9635735,0.37395942,0.87114984,0.7664203,0.8502021,0.79311633,True,142,NSE,188.73896098136905,Loic
Q0522520,90,1997-03-31,2005-02-13,2008-04-10,2012-12-31,0.9194469,0.16648932,0.79952663,0.32661456,0.8140684,0.35829926,True,311,MAE,409.17829155921936,Loic
Q0522520,90,1997-03-31,2005-02-13,2008-04-10,2012-12-31,0.92761654,0.2445168,0.8188924,0.30849558,0.8020699,0.37219924,True,281,NSE,464.9702157974243,Loic
S4214010,90,1997-03-31,2005-02-22,2008-04-16,2012-12-31,0.8993256,0.110951975,-0.37875116,0.15099029,0.44640827,0.18344902,True,117,MAE,193.3811116218567,Loic
S4214010,90,1997-03-31,2005-02-22,2008-04-16,2012-12-31,0.95662403,0.08389807,-0.91639435,0.17715026,0.20392847,0.20302315,True,220,NSE,361.5126547813416,Loic
U0704010,90,1997-03-31,2005-02-15,2008-04-11,2012-12-31,0.9197493,0.12531294,0.8122617,0.23700777,0.81770027,0.24159963,True,198,MAE,323.32897877693176,Loic
U0704010,90,1997-03-31,2005-02-15,2008-04-11,2012-12-31,0.93057203,0.16387706,0.76800257,0.278903,0.756123,0.2748613,True,189,NSE,309.66233706474304,Loic
U3404030,90,1997-03-31,2005-02-18,2008-04-13,2012-12-31,0.9647206,0.20908427,0.8340831,0.45479277,0.80552334,0.38124818,True,348,MAE,553.9901242256165,Loic
U3404030,90,1997-03-31,2005-02-18,2008-04-13,2012-12-31,0.9800081,0.2079323,0.8332094,0.4884869,0.77929354,0.42718536,True,425,NSE,553.4778881072998,Loic
V5064010,90,1997-03-31,2005-02-02,2008-04-16,2012-12-31,0.90912664,0.35765368,0.833681,0.4146984,0.89730597,0.5561361,True,255,MAE,335.0855350494385,Loic
V5064010,90,1997-03-31,2005-02-02,2008-04-16,2012-12-31,0.9720372,0.36876044,0.7884356,0.50406235,0.9167512,0.6120284,True,413,NSE,535.738774061203,Loic
Y5312010,90,1997-03-31,2005-01-15,2008-04-25,2012-12-31,0.9181011,0.069146186,0.37243128,0.15950775,0.49190807,0.36510053,True,180,MAE,270.4743182659149,Loic
Y5312010,90,1997-03-31,2005-01-15,2008-04-25,2012-12-31,0.92508,0.10566993,0.26356453,0.18543418,0.57367384,0.32474622,True,245,NSE,316.8292803764343,Loic
